split,origin,forecast_date,horizon_day,category,product_id,store_id,channel,actual_units,predicted_units,baseline_predicted_units,seasonal_predicted_units
test,2026-04-23T23:59:59+00:00,2026-04-24,1,Beauty,62b81abd-84c4-5de4-b8f1-2d5b6b547bc3,173ee44c-0459-54cb-b9a6-01f9b422e02f,wholesale,0,109,82,0
test,2026-04-23T23:59:59+00:00,2026-04-24,1,Beauty,62b81abd-84c4-5de4-b8f1-2d5b6b547bc3,2761a8b7-f541-58d3-a24a-a69e1ad6ee09,marketplace,55,38,109,452
test,2026-04-23T23:59:59+00:00,2026-04-24,1,Beauty,62b81abd-84c4-5de4-b8f1-2d5b6b547bc3,a2ac838d-a4ad-5054-9aad-660428b4817c,online,166,129,52,0
test,2026-04-23T23:59:59+00:00,2026-04-25,2,Beauty,62b81abd-84c4-5de4-b8f1-2d5b6b547bc3,173ee44c-0459-54cb-b9a6-01f9b422e02f,wholesale,33,94,82,29
test,2026-04-23T23:59:59+00:00,2026-04-25,2,Beauty,62b81abd-84c4-5de4-b8f1-2d5b6b547bc3,2761a8b7-f541-58d3-a24a-a69e1ad6ee09,marketplace,0,42,109,0
test,2026-04-23T23:59:59+00:00,2026-04-25,2,Beauty,62b81abd-84c4-5de4-b8f1-2d5b6b547bc3,a2ac838d-a4ad-5054-9aad-660428b4817c,online,0,113,52,43
test,2026-04-23T23:59:59+00:00,2026-04-26,3,Beauty,62b81abd-84c4-5de4-b8f1-2d5b6b547bc3,173ee44c-0459-54cb-b9a6-01f9b422e02f,wholesale,175,107,82,0
test,2026-04-23T23:59:59+00:00,2026-04-26,3,Beauty,62b81abd-84c4-5de4-b8f1-2d5b6b547bc3,2761a8b7-f541-58d3-a24a-a69e1ad6ee09,marketplace,80,59,109,0
test,2026-04-23T23:59:59+00:00,2026-04-26,3,Beauty,62b81abd-84c4-5de4-b8f1-2d5b6b547bc3,a2ac838d-a4ad-5054-9aad-660428b4817c,online,39,117,52,351
test,2026-04-23T23:59:59+00:00,2026-04-27,4,Beauty,62b81abd-84c4-5de4-b8f1-2d5b6b547bc3,173ee44c-0459-54cb-b9a6-01f9b422e02f,wholesale,0,132,82,52
test,2026-04-23T23:59:59+00:00,2026-04-27,4,Beauty,62b81abd-84c4-5de4-b8f1-2d5b6b547bc3,2761a8b7-f541-58d3-a24a-a69e1ad6ee09,marketplace,472,304,109,0
test,2026-04-23T23:59:59+00:00,2026-04-27,4,Beauty,62b81abd-84c4-5de4-b8f1-2d5b6b547bc3,a2ac838d-a4ad-5054-9aad-660428b4817c,online,0,77,52,0
test,2026-04-23T23:59:59+00:00,2026-04-28,5,Beauty,62b81abd-84c4-5de4-b8f1-2d5b6b547bc3,173ee44c-0459-54cb-b9a6-01f9b422e02f,wholesale,45,43,82,337
test,2026-04-23T23:59:59+00:00,2026-04-28,5,Beauty,62b81abd-84c4-5de4-b8f1-2d5b6b547bc3,2761a8b7-f541-58d3-a24a-a69e1ad6ee09,marketplace,0,330,109,61
test,2026-04-23T23:59:59+00:00,2026-04-28,5,Beauty,62b81abd-84c4-5de4-b8f1-2d5b6b547bc3,a2ac838d-a4ad-5054-9aad-660428b4817c,online,26,31,52,26
test,2026-04-23T23:59:59+00:00,2026-04-29,6,Beauty,62b81abd-84c4-5de4-b8f1-2d5b6b547bc3,173ee44c-0459-54cb-b9a6-01f9b422e02f,wholesale,0,50,82,0
test,2026-04-23T23:59:59+00:00,2026-04-29,6,Beauty,62b81abd-84c4-5de4-b8f1-2d5b6b547bc3,2761a8b7-f541-58d3-a24a-a69e1ad6ee09,marketplace,0,57,109,337
test,2026-04-23T23:59:59+00:00,2026-04-29,6,Beauty,62b81abd-84c4-5de4-b8f1-2d5b6b547bc3,a2ac838d-a4ad-5054-9aad-660428b4817c,online,216,49,52,0
test,2026-04-23T23:59:59+00:00,2026-04-30,7,Beauty,62b81abd-84c4-5de4-b8f1-2d5b6b547bc3,173ee44c-0459-54cb-b9a6-01f9b422e02f,wholesale,29,76,82,22
test,2026-04-23T23:59:59+00:00,2026-04-30,7,Beauty,62b81abd-84c4-5de4-b8f1-2d5b6b547bc3,2761a8b7-f541-58d3-a24a-a69e1ad6ee09,marketplace,0,40,109,0
test,2026-04-23T23:59:59+00:00,2026-04-30,7,Beauty,62b81abd-84c4-5de4-b8f1-2d5b6b547bc3,a2ac838d-a4ad-5054-9aad-660428b4817c,online,0,104,52,22
