id,product_id,price,currency,valid_from,valid_to,price_type,source,created_at
2336366e-26c0-58da-94ba-2212aba15ad6,576f0781-3104-5d50-92f3-befe834a6fa6,9.39,PLN,2026-03-01,2026-03-30,regular,synthetic_pricing_rules,2026-04-29
f5306509-5c00-5503-868b-2fb94cee0fbe,576f0781-3104-5d50-92f3-befe834a6fa6,9.99,PLN,2026-03-31,2026-05-30,regular,synthetic_pricing_rules,2026-04-29
054a407c-295a-5f29-b105-bd504f538e4b,576f0781-3104-5d50-92f3-befe834a6fa6,10.29,PLN,2026-05-31,,planned,synthetic_pricing_rules,2026-04-29
75259b04-c569-5e73-9ec5-96756db9e914,38d5dc41-891b-50f6-a02f-fda88ad8ccde,11.04,PLN,2026-03-01,2026-03-30,regular,synthetic_pricing_rules,2026-04-28
92543cda-67a3-5665-bb5b-5052e2e8ef94,38d5dc41-891b-50f6-a02f-fda88ad8ccde,11.74,PLN,2026-03-31,2026-05-30,regular,synthetic_pricing_rules,2026-04-28
d35ea874-0a8e-5eab-8793-d5a79f1f4c98,38d5dc41-891b-50f6-a02f-fda88ad8ccde,12.09,PLN,2026-05-31,,planned,synthetic_pricing_rules,2026-04-28
ee4b8366-47f7-5a43-961a-9c189ced4d73,de0b3ef5-2bd5-55d5-8b53-6dc8eda6d60f,12.68,PLN,2026-03-01,2026-03-30,regular,synthetic_pricing_rules,2026-04-27
fa20eb88-f39c-58bb-ab19-8f655d0fd996,de0b3ef5-2bd5-55d5-8b53-6dc8eda6d60f,13.49,PLN,2026-03-31,2026-05-30,regular,synthetic_pricing_rules,2026-04-27
b8c48686-92b3-5f8e-adde-cc0284e65a90,de0b3ef5-2bd5-55d5-8b53-6dc8eda6d60f,13.89,PLN,2026-05-31,,planned,synthetic_pricing_rules,2026-04-27
ead3b7fd-faa1-5597-8d24-106665deb0d0,b17680da-3917-5612-9246-0a9b60e6efe9,14.33,PLN,2026-03-01,2026-03-30,regular,synthetic_pricing_rules,2026-04-26
8c648623-2577-5fb3-980a-5e3b539ab78f,b17680da-3917-5612-9246-0a9b60e6efe9,15.24,PLN,2026-03-31,2026-05-30,regular,synthetic_pricing_rules,2026-04-26
64f93f39-03b2-506e-b40b-6b6ad0a4af40,b17680da-3917-5612-9246-0a9b60e6efe9,15.70,PLN,2026-05-31,,planned,synthetic_pricing_rules,2026-04-26
eea05633-7d66-5d58-8a70-bf5a48433ac7,62b81abd-84c4-5de4-b8f1-2d5b6b547bc3,15.97,PLN,2026-03-01,2026-03-30,regular,synthetic_pricing_rules,2026-04-25
184df053-09a6-5ee8-b570-498cd299c70c,62b81abd-84c4-5de4-b8f1-2d5b6b547bc3,16.99,PLN,2026-03-31,2026-05-30,regular,synthetic_pricing_rules,2026-04-25
f96e6783-ecf3-5702-b5a5-5313cb6aa70c,62b81abd-84c4-5de4-b8f1-2d5b6b547bc3,17.50,PLN,2026-05-31,,planned,synthetic_pricing_rules,2026-04-25
f59c8c5d-5cfb-5133-b2da-7f1133efcfa1,e3e08a14-471a-5347-94f6-b2369070c3a7,17.62,PLN,2026-03-01,2026-03-30,regular,synthetic_pricing_rules,2026-04-24
16b8a3cd-fcb0-53bb-a2ec-9965452c7111,e3e08a14-471a-5347-94f6-b2369070c3a7,18.74,PLN,2026-03-31,2026-05-30,regular,synthetic_pricing_rules,2026-04-24
e836a727-f166-5780-b28f-6fa49888b429,e3e08a14-471a-5347-94f6-b2369070c3a7,19.30,PLN,2026-05-31,,planned,synthetic_pricing_rules,2026-04-24
b4b6cfa8-ed07-508e-bd6e-12283e20cc60,6ef80540-16c7-551c-95b8-9ae7373e7908,19.26,PLN,2026-03-01,2026-03-30,regular,synthetic_pricing_rules,2026-04-23
149077ea-cf9e-5e3a-973e-e18dfd88431d,6ef80540-16c7-551c-95b8-9ae7373e7908,20.49,PLN,2026-03-31,2026-05-30,regular,synthetic_pricing_rules,2026-04-23
feda2be5-b09a-5d31-b3aa-dc67a9a15712,6ef80540-16c7-551c-95b8-9ae7373e7908,21.10,PLN,2026-05-31,,planned,synthetic_pricing_rules,2026-04-23
1c8682b6-fdff-5100-94f9-f0c92d3ceb88,f000d381-f2f7-5a93-bc43-825f298a7685,20.91,PLN,2026-03-01,2026-03-30,regular,synthetic_pricing_rules,2026-04-22
0507055f-01cc-5a17-b76f-ee61dd4c09bb,f000d381-f2f7-5a93-bc43-825f298a7685,22.24,PLN,2026-03-31,2026-05-30,regular,synthetic_pricing_rules,2026-04-22
685905d9-813b-517a-a7d8-905f5d2fcc10,f000d381-f2f7-5a93-bc43-825f298a7685,22.91,PLN,2026-05-31,,planned,synthetic_pricing_rules,2026-04-22
313df08b-e75b-5eab-8f57-b95c91d1ff2d,22d48f3a-5014-5123-a1e5-345e1ddd84a3,22.55,PLN,2026-03-01,2026-03-30,regular,synthetic_pricing_rules,2026-04-21
77cb917b-b180-5190-af5e-1c6c686046df,22d48f3a-5014-5123-a1e5-345e1ddd84a3,23.99,PLN,2026-03-31,2026-05-30,regular,synthetic_pricing_rules,2026-04-21
2b80568f-37f2-53b4-91e5-2e6aa593863b,22d48f3a-5014-5123-a1e5-345e1ddd84a3,24.71,PLN,2026-05-31,,planned,synthetic_pricing_rules,2026-04-21
76844acf-cd15-509c-ae23-25fced57e9cf,7b6c271c-85eb-5849-9da9-76e7ab8e881f,24.20,PLN,2026-03-01,2026-03-30,regular,synthetic_pricing_rules,2026-04-20
1eb24293-9c77-5397-83b4-96dbc381a761,7b6c271c-85eb-5849-9da9-76e7ab8e881f,25.74,PLN,2026-03-31,2026-05-30,regular,synthetic_pricing_rules,2026-04-20
dfc81ec8-0655-53e0-82ab-0ed0335e1759,7b6c271c-85eb-5849-9da9-76e7ab8e881f,26.51,PLN,2026-05-31,,planned,synthetic_pricing_rules,2026-04-20
60609776-71b4-5694-bb14-bae1aa46d884,163da9b8-d3e0-5f9e-9dd3-954c345c7684,25.84,PLN,2026-03-01,2026-03-30,regular,synthetic_pricing_rules,2026-04-19
91f1d482-4452-50ff-a0b3-734422605938,163da9b8-d3e0-5f9e-9dd3-954c345c7684,27.49,PLN,2026-03-31,2026-05-30,regular,synthetic_pricing_rules,2026-04-19
d6ce4eb5-2e93-5d44-9b89-55ed74ffb7bf,163da9b8-d3e0-5f9e-9dd3-954c345c7684,28.31,PLN,2026-05-31,,planned,synthetic_pricing_rules,2026-04-19
834fdaf3-01ff-5bb3-8289-00fc90efe59f,ca2f4809-df5a-51b1-b5eb-635bec356f40,27.49,PLN,2026-03-01,2026-03-30,regular,synthetic_pricing_rules,2026-04-18
37c79860-5480-51e8-8ba6-4d5837317436,ca2f4809-df5a-51b1-b5eb-635bec356f40,29.24,PLN,2026-03-31,2026-05-30,regular,synthetic_pricing_rules,2026-04-18
0b4f9e68-9b07-5a39-b731-5e11335fce26,ca2f4809-df5a-51b1-b5eb-635bec356f40,30.12,PLN,2026-05-31,,planned,synthetic_pricing_rules,2026-04-18
493a4ab9-0bc6-569d-9997-41bf270dcbc0,f8f45205-4b7d-5a19-9e70-2c6d708ac79c,29.13,PLN,2026-03-01,2026-03-30,regular,synthetic_pricing_rules,2026-04-17
86a61b9e-0496-502b-9d06-857bd1c71115,f8f45205-4b7d-5a19-9e70-2c6d708ac79c,30.99,PLN,2026-03-31,2026-05-30,regular,synthetic_pricing_rules,2026-04-17
449fcf3d-3cfa-56d1-aa33-a00f4c90d04d,f8f45205-4b7d-5a19-9e70-2c6d708ac79c,31.92,PLN,2026-05-31,,planned,synthetic_pricing_rules,2026-04-17
14d707a2-5e7b-539f-923a-76fdb8233a0b,5030188b-d814-53c3-9914-3a99743cea2f,30.78,PLN,2026-03-01,2026-03-30,regular,synthetic_pricing_rules,2026-04-16
84c349db-a414-52b5-ac66-3a4f64befaba,5030188b-d814-53c3-9914-3a99743cea2f,32.74,PLN,2026-03-31,2026-05-30,regular,synthetic_pricing_rules,2026-04-16
af376690-3c78-582d-9fe5-2bfcc3c64c36,5030188b-d814-53c3-9914-3a99743cea2f,33.72,PLN,2026-05-31,,planned,synthetic_pricing_rules,2026-04-16
8f442353-9391-5acf-83d9-f85873d830d9,92541b74-41dc-5325-b5f8-c731758cbdfc,32.42,PLN,2026-03-01,2026-03-30,regular,synthetic_pricing_rules,2026-04-15
3ea36701-9ce3-5191-bdfd-5c128a3e4925,92541b74-41dc-5325-b5f8-c731758cbdfc,34.49,PLN,2026-03-31,2026-05-30,regular,synthetic_pricing_rules,2026-04-15
ecd1821a-5a25-537d-8315-d6afc8d0a50e,92541b74-41dc-5325-b5f8-c731758cbdfc,35.52,PLN,2026-05-31,,planned,synthetic_pricing_rules,2026-04-15
ebdfd783-e7f7-53eb-a7c9-a0c9800acab3,5e4db0b5-3afc-5b37-b821-e41339bfcb8f,34.07,PLN,2026-03-01,2026-03-30,regular,synthetic_pricing_rules,2026-04-14
ca874d5c-4025-50d5-a375-032fe03e0f18,5e4db0b5-3afc-5b37-b821-e41339bfcb8f,36.24,PLN,2026-03-31,2026-05-30,regular,synthetic_pricing_rules,2026-04-14
33642fc2-b39a-5951-8c07-f21780967a97,5e4db0b5-3afc-5b37-b821-e41339bfcb8f,37.33,PLN,2026-05-31,,planned,synthetic_pricing_rules,2026-04-14
0342a984-a919-5c54-b8c7-f0e713c52a3b,6836df32-8a55-5c22-8e6b-ed15005c6d4a,35.71,PLN,2026-03-01,2026-03-30,regular,synthetic_pricing_rules,2026-04-13
f63b54b9-6ea6-58cc-9690-e94faee40d82,6836df32-8a55-5c22-8e6b-ed15005c6d4a,37.99,PLN,2026-03-31,2026-05-30,regular,synthetic_pricing_rules,2026-04-13
0bad3470-4c8a-5c70-a151-af360367ca45,6836df32-8a55-5c22-8e6b-ed15005c6d4a,39.13,PLN,2026-05-31,,planned,synthetic_pricing_rules,2026-04-13
0c0590ac-10f9-5f23-9a51-3a946aaff917,60fc91ce-c105-5d41-a03f-c6f4490669e1,37.36,PLN,2026-03-01,2026-03-30,regular,synthetic_pricing_rules,2026-04-12
8af439d3-2d3d-58e7-af05-72d3fa0aa000,60fc91ce-c105-5d41-a03f-c6f4490669e1,39.74,PLN,2026-03-31,2026-05-30,regular,synthetic_pricing_rules,2026-04-12
8de6dbf6-6990-5957-b573-1fb7b8281969,60fc91ce-c105-5d41-a03f-c6f4490669e1,40.93,PLN,2026-05-31,,planned,synthetic_pricing_rules,2026-04-12
a3675bb9-0624-50b6-a8d9-58edd8efedfc,944b935c-7308-50ea-a7a3-71cc8f2fd4c5,39.00,PLN,2026-03-01,2026-03-30,regular,synthetic_pricing_rules,2026-04-11
9d94010a-ff70-520b-ba2a-28151e41254f,944b935c-7308-50ea-a7a3-71cc8f2fd4c5,41.49,PLN,2026-03-31,2026-05-30,regular,synthetic_pricing_rules,2026-04-11
8b0951e7-3840-5292-abdc-489a1a6cc5c7,944b935c-7308-50ea-a7a3-71cc8f2fd4c5,42.73,PLN,2026-05-31,,planned,synthetic_pricing_rules,2026-04-11
d2e781d5-02d1-5251-9e40-20992467898c,b3eddb5e-2feb-5a7d-9d80-832a203e282f,40.65,PLN,2026-03-01,2026-03-30,regular,synthetic_pricing_rules,2026-04-10
0119d454-fd63-5ad1-b7ad-1e61f9e2c49a,b3eddb5e-2feb-5a7d-9d80-832a203e282f,43.24,PLN,2026-03-31,2026-05-30,regular,synthetic_pricing_rules,2026-04-10
537b2b48-c9a0-5f79-80bb-e3f26d008c93,b3eddb5e-2feb-5a7d-9d80-832a203e282f,44.54,PLN,2026-05-31,,planned,synthetic_pricing_rules,2026-04-10
54956c05-d7c4-58ae-8cdd-9827096bb2aa,360ec9af-06ab-53b8-adcc-f0a8badedcdf,42.29,PLN,2026-03-01,2026-03-30,regular,synthetic_pricing_rules,2026-04-09
181f8a4f-3fad-5da5-93a7-787c8d1ffb2c,360ec9af-06ab-53b8-adcc-f0a8badedcdf,44.99,PLN,2026-03-31,2026-05-30,regular,synthetic_pricing_rules,2026-04-09
5de07761-947c-5db1-983b-aa1811dcdc07,360ec9af-06ab-53b8-adcc-f0a8badedcdf,46.34,PLN,2026-05-31,,planned,synthetic_pricing_rules,2026-04-09
0e4d0b4e-13c4-5fea-8a04-1abd36485e1f,c6ad2817-6d98-5707-85ba-460e2ab44c7a,43.94,PLN,2026-03-01,2026-03-30,regular,synthetic_pricing_rules,2026-04-08
9d9fd451-d40f-5023-bf6e-1c4c36786709,c6ad2817-6d98-5707-85ba-460e2ab44c7a,46.74,PLN,2026-03-31,2026-05-30,regular,synthetic_pricing_rules,2026-04-08
eb0de47f-2d40-507a-96fa-a5950dafa578,c6ad2817-6d98-5707-85ba-460e2ab44c7a,48.14,PLN,2026-05-31,,planned,synthetic_pricing_rules,2026-04-08
5dcffd7b-3839-5336-911b-da493244bc4f,44953a4d-66fb-5d64-9644-a9213ce753fb,45.58,PLN,2026-03-01,2026-03-30,regular,synthetic_pricing_rules,2026-04-07
54c2256c-8964-529e-98af-29dd09143a4e,44953a4d-66fb-5d64-9644-a9213ce753fb,48.49,PLN,2026-03-31,2026-05-30,regular,synthetic_pricing_rules,2026-04-07
05bf8a2b-e56a-5138-a87d-9738a7805505,44953a4d-66fb-5d64-9644-a9213ce753fb,49.94,PLN,2026-05-31,,planned,synthetic_pricing_rules,2026-04-07
df9ad43c-e90d-51a3-8216-5a2677853488,5acda6c0-5a1e-5e97-9a2c-6a29d8118012,47.23,PLN,2026-03-01,2026-03-30,regular,synthetic_pricing_rules,2026-04-06
ca6f0344-0da0-529f-b8a2-deef4a1bdd14,5acda6c0-5a1e-5e97-9a2c-6a29d8118012,50.24,PLN,2026-03-31,2026-05-30,regular,synthetic_pricing_rules,2026-04-06
d9703132-4e81-517b-8bea-b2bd05c5cc53,5acda6c0-5a1e-5e97-9a2c-6a29d8118012,51.75,PLN,2026-05-31,,planned,synthetic_pricing_rules,2026-04-06
e1ca6a51-6b3e-560b-b1fb-965adad92974,06f4fcc4-2bd2-526c-bfc8-6a4cbad967b3,48.87,PLN,2026-03-01,2026-03-30,regular,synthetic_pricing_rules,2026-04-05
b5230518-bc2a-5248-95cb-48abe3d12922,06f4fcc4-2bd2-526c-bfc8-6a4cbad967b3,51.99,PLN,2026-03-31,2026-05-30,regular,synthetic_pricing_rules,2026-04-05
ba0ead30-9ef9-5fd5-9c1b-f149e42a74b7,06f4fcc4-2bd2-526c-bfc8-6a4cbad967b3,53.55,PLN,2026-05-31,,planned,synthetic_pricing_rules,2026-04-05
8398ae59-4a7c-5d23-852e-9fb910b80dbe,b6756d87-a0a0-556a-b6ed-1c904680ceb4,50.52,PLN,2026-03-01,2026-03-30,regular,synthetic_pricing_rules,2026-04-04
a2241cad-4576-5d67-8da1-f990859b843f,b6756d87-a0a0-556a-b6ed-1c904680ceb4,53.74,PLN,2026-03-31,2026-05-30,regular,synthetic_pricing_rules,2026-04-04
cdc21466-83c7-5a94-9b98-e18923fcf817,b6756d87-a0a0-556a-b6ed-1c904680ceb4,55.35,PLN,2026-05-31,,planned,synthetic_pricing_rules,2026-04-04
48113b86-8d58-5f87-a209-92c06674c785,78d65be0-4c32-5c7a-932c-89673632def9,52.16,PLN,2026-03-01,2026-03-30,regular,synthetic_pricing_rules,2026-04-03
71b2adfb-a22e-5f47-b73c-549c25c91fb1,78d65be0-4c32-5c7a-932c-89673632def9,55.49,PLN,2026-03-31,2026-05-30,regular,synthetic_pricing_rules,2026-04-03
a1cc7151-9348-5a22-a228-5f35bb4fd4c0,78d65be0-4c32-5c7a-932c-89673632def9,57.15,PLN,2026-05-31,,planned,synthetic_pricing_rules,2026-04-03
07741429-153f-54cd-a579-ff885dcc794a,01fc3b7e-8b29-50d3-a3d4-bc713fa84405,53.81,PLN,2026-03-01,2026-03-30,regular,synthetic_pricing_rules,2026-04-02
3ab28ae3-04f4-541d-955c-316c5c0879ad,01fc3b7e-8b29-50d3-a3d4-bc713fa84405,57.24,PLN,2026-03-31,2026-05-30,regular,synthetic_pricing_rules,2026-04-02
9cda7a19-8e6d-58af-8296-a9dfb01f3a15,01fc3b7e-8b29-50d3-a3d4-bc713fa84405,58.96,PLN,2026-05-31,,planned,synthetic_pricing_rules,2026-04-02
a7d16bcf-2b73-5f28-8006-e6f5a92546c9,e97682bc-117f-532b-8b65-b717c09bc30f,55.45,PLN,2026-03-01,2026-03-30,regular,synthetic_pricing_rules,2026-04-01
e655d6c0-cd86-5ba0-93bc-3bc3a885c6af,e97682bc-117f-532b-8b65-b717c09bc30f,58.99,PLN,2026-03-31,2026-05-30,regular,synthetic_pricing_rules,2026-04-01
21d682b2-6c69-5ea2-8642-853d349d2d80,e97682bc-117f-532b-8b65-b717c09bc30f,60.76,PLN,2026-05-31,,planned,synthetic_pricing_rules,2026-04-01
99ca8d1e-c003-50f0-a12a-d62eb2ef0bee,b7d44817-034b-51e8-84f0-70a921a96cdb,57.10,PLN,2026-03-01,2026-03-30,regular,synthetic_pricing_rules,2026-03-31
9aba0c89-9f64-5c20-85a6-7f9ffc5b1937,b7d44817-034b-51e8-84f0-70a921a96cdb,60.74,PLN,2026-03-31,2026-05-30,regular,synthetic_pricing_rules,2026-03-31
b59efb17-f438-5ad5-9cea-796544fb7d96,b7d44817-034b-51e8-84f0-70a921a96cdb,62.56,PLN,2026-05-31,,planned,synthetic_pricing_rules,2026-03-31
af368937-5e0a-5aa9-bc65-97d0e402063b,85e7e944-3e11-5a89-ac96-c23167ff32dc,58.74,PLN,2026-03-01,2026-03-30,regular,synthetic_pricing_rules,2026-03-30
cd552583-2b3a-51a2-a666-5386d90a9c24,85e7e944-3e11-5a89-ac96-c23167ff32dc,62.49,PLN,2026-03-31,2026-05-30,regular,synthetic_pricing_rules,2026-03-30
450a099c-47ad-5755-8d1f-483d1995a7ff,85e7e944-3e11-5a89-ac96-c23167ff32dc,64.36,PLN,2026-05-31,,planned,synthetic_pricing_rules,2026-03-30
6360077e-633a-5d16-abd4-1548ddc51c0b,975dfb1e-69d1-5f10-8875-2e1acefd4859,60.39,PLN,2026-03-01,2026-03-30,regular,synthetic_pricing_rules,2026-03-29
e7087130-313d-5c23-8978-7d1395284d15,975dfb1e-69d1-5f10-8875-2e1acefd4859,64.24,PLN,2026-03-31,2026-05-30,regular,synthetic_pricing_rules,2026-03-29
28baeb0e-636a-5f5c-8df1-109d75ba073b,975dfb1e-69d1-5f10-8875-2e1acefd4859,66.17,PLN,2026-05-31,,planned,synthetic_pricing_rules,2026-03-29
653d3fcf-dcb3-5c4b-ace3-a6142acc6f12,ac6c0b36-b856-5925-aca7-b8e3bb4639a3,62.03,PLN,2026-03-01,2026-03-30,regular,synthetic_pricing_rules,2026-03-28
8d6c755e-408d-5556-97f0-2dc6022c16a0,ac6c0b36-b856-5925-aca7-b8e3bb4639a3,65.99,PLN,2026-03-31,2026-05-30,regular,synthetic_pricing_rules,2026-03-28
6669fe03-406e-5c2b-92b9-a753943d509c,ac6c0b36-b856-5925-aca7-b8e3bb4639a3,67.97,PLN,2026-05-31,,planned,synthetic_pricing_rules,2026-03-28
e0871dd8-1e56-5bb2-a0fa-33240b79c22e,7d15b52f-782f-5fa8-9c0b-78ebb03a07a5,63.68,PLN,2026-03-01,2026-03-30,regular,synthetic_pricing_rules,2026-03-27
2bcbc17f-36ed-5b6b-bb8f-fe9aa7cbb2de,7d15b52f-782f-5fa8-9c0b-78ebb03a07a5,67.74,PLN,2026-03-31,2026-05-30,regular,synthetic_pricing_rules,2026-03-27
459f63fa-eec5-52e3-9a2e-5bd43c1d3361,7d15b52f-782f-5fa8-9c0b-78ebb03a07a5,69.77,PLN,2026-05-31,,planned,synthetic_pricing_rules,2026-03-27
f303e68d-6a67-552e-b68c-dc603cee5a53,2532c2ec-f726-59a0-9af7-a077b1c5c99d,65.32,PLN,2026-03-01,2026-03-30,regular,synthetic_pricing_rules,2026-03-26
1c59e79c-acee-5763-9172-1495d0343065,2532c2ec-f726-59a0-9af7-a077b1c5c99d,69.49,PLN,2026-03-31,2026-05-30,regular,synthetic_pricing_rules,2026-03-26
82fe8ae2-abfb-53c7-9251-5a7534660bf6,2532c2ec-f726-59a0-9af7-a077b1c5c99d,71.57,PLN,2026-05-31,,planned,synthetic_pricing_rules,2026-03-26
61559dcf-5455-568f-8e7c-667ac75c149d,6e80b7e9-0667-54ce-838e-56aca777afef,66.97,PLN,2026-03-01,2026-03-30,regular,synthetic_pricing_rules,2026-03-25
b0c6156f-5bcb-56a6-8352-9cd6bd5dbaec,6e80b7e9-0667-54ce-838e-56aca777afef,71.24,PLN,2026-03-31,2026-05-30,regular,synthetic_pricing_rules,2026-03-25
47406752-e660-50e0-92c4-96c07d786106,6e80b7e9-0667-54ce-838e-56aca777afef,73.38,PLN,2026-05-31,,planned,synthetic_pricing_rules,2026-03-25
ce5cd9b9-b88d-5614-8cfc-5aa69d4cb5c6,9a6922f7-9343-52bc-89b0-d1db33a0340d,68.61,PLN,2026-03-01,2026-03-30,regular,synthetic_pricing_rules,2026-03-24
8a03a13d-f879-5909-be84-a99c19c7ef13,9a6922f7-9343-52bc-89b0-d1db33a0340d,72.99,PLN,2026-03-31,2026-05-30,regular,synthetic_pricing_rules,2026-03-24
856ecc2f-8f6c-5acc-ac04-8b759073c357,9a6922f7-9343-52bc-89b0-d1db33a0340d,75.18,PLN,2026-05-31,,planned,synthetic_pricing_rules,2026-03-24
e1da34c7-e0dd-548f-a773-db9c1e5dbc95,f42ebea5-b984-5835-bd6a-106e6e6fdcfb,70.26,PLN,2026-03-01,2026-03-30,regular,synthetic_pricing_rules,2026-03-23
5d125156-0ff7-54b7-ba74-bcf9eea8204c,f42ebea5-b984-5835-bd6a-106e6e6fdcfb,74.74,PLN,2026-03-31,2026-05-30,regular,synthetic_pricing_rules,2026-03-23
f71db3fe-043e-56b5-8fff-1a9bdc59db39,f42ebea5-b984-5835-bd6a-106e6e6fdcfb,76.98,PLN,2026-05-31,,planned,synthetic_pricing_rules,2026-03-23
bc72534d-d2cf-537e-bbf5-a70f10798a5e,9cf88386-0bed-5ac4-9a5f-045e8b2a7a00,71.90,PLN,2026-03-01,2026-03-30,regular,synthetic_pricing_rules,2026-03-22
03aae538-a35a-552d-ba29-eb96fefe2e58,9cf88386-0bed-5ac4-9a5f-045e8b2a7a00,76.49,PLN,2026-03-31,2026-05-30,regular,synthetic_pricing_rules,2026-03-22
c722b965-08d9-5ae8-ba20-90adb46befea,9cf88386-0bed-5ac4-9a5f-045e8b2a7a00,78.78,PLN,2026-05-31,,planned,synthetic_pricing_rules,2026-03-22
92a816b3-9a7b-55c1-92ff-72e1ee10f5ba,ac8ce360-9980-5f71-b176-285323c963b8,73.55,PLN,2026-03-01,2026-03-30,regular,synthetic_pricing_rules,2026-03-21
b323e8b7-dfa0-5350-a286-f00125a3a0fa,ac8ce360-9980-5f71-b176-285323c963b8,78.24,PLN,2026-03-31,2026-05-30,regular,synthetic_pricing_rules,2026-03-21
a97a1d52-c98c-5dd4-8a33-41e80aca09e8,ac8ce360-9980-5f71-b176-285323c963b8,80.59,PLN,2026-05-31,,planned,synthetic_pricing_rules,2026-03-21
8c7da7c9-9f0d-5c41-b6a6-d2bdf0e0e403,58e54d28-afe6-5090-9990-c3649b754085,75.19,PLN,2026-03-01,2026-03-30,regular,synthetic_pricing_rules,2026-03-20
3d814948-dc22-5e94-b078-b9bf85cfe90d,58e54d28-afe6-5090-9990-c3649b754085,79.99,PLN,2026-03-31,2026-05-30,regular,synthetic_pricing_rules,2026-03-20
785de236-1b77-5681-a313-4e39207549d4,58e54d28-afe6-5090-9990-c3649b754085,82.39,PLN,2026-05-31,,planned,synthetic_pricing_rules,2026-03-20
e204de0b-a6ba-54de-bbc7-cae996f28145,ab1d5346-1d4b-582e-bd7a-c0685e487f0b,76.84,PLN,2026-03-01,2026-03-30,regular,synthetic_pricing_rules,2026-03-19
e530d85e-ef75-5bfc-a93f-0e6cdc5ca66f,ab1d5346-1d4b-582e-bd7a-c0685e487f0b,81.74,PLN,2026-03-31,2026-05-30,regular,synthetic_pricing_rules,2026-03-19
8d6d2b20-e291-5757-b453-3348c6afcb01,ab1d5346-1d4b-582e-bd7a-c0685e487f0b,84.19,PLN,2026-05-31,,planned,synthetic_pricing_rules,2026-03-19
c1d55326-30ca-5f03-9c7b-a058e62f8b03,5a4f9e8e-a5d6-5631-ae53-ffbfaec4450c,78.48,PLN,2026-03-01,2026-03-30,regular,synthetic_pricing_rules,2026-03-18
6f6b4936-d757-5b27-b893-9a9e5876ce9c,5a4f9e8e-a5d6-5631-ae53-ffbfaec4450c,83.49,PLN,2026-03-31,2026-05-30,regular,synthetic_pricing_rules,2026-03-18
0a636783-0b57-5d77-81e4-ab78a31e06d1,5a4f9e8e-a5d6-5631-ae53-ffbfaec4450c,85.99,PLN,2026-05-31,,planned,synthetic_pricing_rules,2026-03-18
d41fc688-5cd1-5498-b3e5-442e1154a65d,aea54154-8157-5774-8110-fba37ae17360,80.13,PLN,2026-03-01,2026-03-30,regular,synthetic_pricing_rules,2026-03-17
511dc40f-bdd7-51a0-a7e9-21916e634f21,aea54154-8157-5774-8110-fba37ae17360,85.24,PLN,2026-03-31,2026-05-30,regular,synthetic_pricing_rules,2026-03-17
34a5de90-956d-5c24-9a30-664d5ac8449a,aea54154-8157-5774-8110-fba37ae17360,87.80,PLN,2026-05-31,,planned,synthetic_pricing_rules,2026-03-17
b37014ae-7f6e-5cf3-b9fa-66e1eb4f59e7,293b0637-4956-51c6-b5b9-b71cef14f7a6,81.77,PLN,2026-03-01,2026-03-30,regular,synthetic_pricing_rules,2026-03-16
c978122d-9420-5842-94d5-8c355fc27a38,293b0637-4956-51c6-b5b9-b71cef14f7a6,86.99,PLN,2026-03-31,2026-05-30,regular,synthetic_pricing_rules,2026-03-16
32a71543-f69e-55be-8704-2d73f04af6f4,293b0637-4956-51c6-b5b9-b71cef14f7a6,89.60,PLN,2026-05-31,,planned,synthetic_pricing_rules,2026-03-16
108c4f2e-dfae-5cdd-9d94-9751c8dacf17,5125db4d-be56-5fed-8c57-2cb37186845a,83.42,PLN,2026-03-01,2026-03-30,regular,synthetic_pricing_rules,2026-03-15
752879ee-6e02-5783-b11e-dd31e686a8e2,5125db4d-be56-5fed-8c57-2cb37186845a,88.74,PLN,2026-03-31,2026-05-30,regular,synthetic_pricing_rules,2026-03-15
c5fed75c-5d60-5128-b532-95667f1e5ea3,5125db4d-be56-5fed-8c57-2cb37186845a,91.40,PLN,2026-05-31,,planned,synthetic_pricing_rules,2026-03-15
d0e83189-bfe3-52ec-b5bc-9559eba47028,ce797b7a-af13-5663-88da-14c0a9fe5a63,85.06,PLN,2026-03-01,2026-03-30,regular,synthetic_pricing_rules,2026-03-14
70c51e2f-8cb0-546b-9b96-e6ab354753e2,ce797b7a-af13-5663-88da-14c0a9fe5a63,90.49,PLN,2026-03-31,2026-05-30,regular,synthetic_pricing_rules,2026-03-14
4ba56354-00cc-52c9-8a0a-ee5d64721cbb,ce797b7a-af13-5663-88da-14c0a9fe5a63,93.20,PLN,2026-05-31,,planned,synthetic_pricing_rules,2026-03-14
185c3dff-bcc2-56bc-94d2-9ffa11f0ee35,ef4975d2-c692-52bd-9c55-6fc144747695,86.71,PLN,2026-03-01,2026-03-30,regular,synthetic_pricing_rules,2026-03-13
7df16a93-b096-523e-8b02-e58bd14d075e,ef4975d2-c692-52bd-9c55-6fc144747695,92.24,PLN,2026-03-31,2026-05-30,regular,synthetic_pricing_rules,2026-03-13
8fea5da3-2d10-59f7-a73c-5d856f7e6287,ef4975d2-c692-52bd-9c55-6fc144747695,95.01,PLN,2026-05-31,,planned,synthetic_pricing_rules,2026-03-13
d26afb0c-806a-5d77-a60f-6f02a8b28651,91c81a29-2ca8-52e7-bffd-af9c56b7218c,88.35,PLN,2026-03-01,2026-03-30,regular,synthetic_pricing_rules,2026-03-12
0aae7bde-f7ae-5ddd-854e-636692fa8f28,91c81a29-2ca8-52e7-bffd-af9c56b7218c,93.99,PLN,2026-03-31,2026-05-30,regular,synthetic_pricing_rules,2026-03-12
a72f64ad-c2f9-5c3c-afb4-f528d749d086,91c81a29-2ca8-52e7-bffd-af9c56b7218c,96.81,PLN,2026-05-31,,planned,synthetic_pricing_rules,2026-03-12
6818fe1a-4de5-5171-a3d8-56c0dc48dfb9,ef601e27-fbe0-531a-8b8b-900d8745a901,90.00,PLN,2026-03-01,2026-03-30,regular,synthetic_pricing_rules,2026-03-11
c269ce40-1a35-50c8-a2ce-aa6d81cd9d0f,ef601e27-fbe0-531a-8b8b-900d8745a901,95.74,PLN,2026-03-31,2026-05-30,regular,synthetic_pricing_rules,2026-03-11
fb43f25d-a6a7-5d7e-bdcc-70b7365cec56,ef601e27-fbe0-531a-8b8b-900d8745a901,98.61,PLN,2026-05-31,,planned,synthetic_pricing_rules,2026-03-11
eb22b9d4-2762-5600-95ba-253727d815ee,ee0c49cd-0889-5cbf-90de-badbe7517995,91.64,PLN,2026-03-01,2026-03-30,regular,synthetic_pricing_rules,2026-03-10
d88d64a7-1825-5ac3-800d-405cc26374ca,ee0c49cd-0889-5cbf-90de-badbe7517995,97.49,PLN,2026-03-31,2026-05-30,regular,synthetic_pricing_rules,2026-03-10
b628ec5e-edf3-5ce7-8caa-dec651722853,ee0c49cd-0889-5cbf-90de-badbe7517995,100.41,PLN,2026-05-31,,planned,synthetic_pricing_rules,2026-03-10
433b8933-d8b2-5544-84bb-c74e3b4dc429,c74c4e40-b157-5011-aa3d-ec349fb61826,93.29,PLN,2026-03-01,2026-03-30,regular,synthetic_pricing_rules,2026-03-09
65dc7161-fa2b-5d35-9311-e6c2e56c8ea4,c74c4e40-b157-5011-aa3d-ec349fb61826,99.24,PLN,2026-03-31,2026-05-30,regular,synthetic_pricing_rules,2026-03-09
7f838564-3ab2-5958-baf6-9a0007991d84,c74c4e40-b157-5011-aa3d-ec349fb61826,102.22,PLN,2026-05-31,,planned,synthetic_pricing_rules,2026-03-09
c2d06596-1ed8-5328-82cc-f144f9f777e4,bdef6401-48fd-5078-a4a6-0b385d763314,94.93,PLN,2026-03-01,2026-03-30,regular,synthetic_pricing_rules,2026-03-08
1e337121-9e83-513e-bccf-f434f4a7c123,bdef6401-48fd-5078-a4a6-0b385d763314,100.99,PLN,2026-03-31,2026-05-30,regular,synthetic_pricing_rules,2026-03-08
a57879ef-76b2-5254-9ac2-de027da2c222,bdef6401-48fd-5078-a4a6-0b385d763314,104.02,PLN,2026-05-31,,planned,synthetic_pricing_rules,2026-03-08
db3a57f2-751c-531b-96ca-3fa5bc0f4bf9,7ee0dda2-02c2-549d-92e2-6eb7117b919d,96.58,PLN,2026-03-01,2026-03-30,regular,synthetic_pricing_rules,2026-03-07
49129ebe-323d-54b3-abb5-363032bbcc5d,7ee0dda2-02c2-549d-92e2-6eb7117b919d,102.74,PLN,2026-03-31,2026-05-30,regular,synthetic_pricing_rules,2026-03-07
49d25ea0-50f1-5c07-8ddf-3777555403b8,7ee0dda2-02c2-549d-92e2-6eb7117b919d,105.82,PLN,2026-05-31,,planned,synthetic_pricing_rules,2026-03-07
54b37211-a1e0-5d23-abf5-ada660bfcc2e,ab4674bc-4106-51c6-b44a-9ca109374b4f,98.22,PLN,2026-03-01,2026-03-30,regular,synthetic_pricing_rules,2026-03-06
dec9836e-5c6b-5087-a919-e5c455a1fad4,ab4674bc-4106-51c6-b44a-9ca109374b4f,104.49,PLN,2026-03-31,2026-05-30,regular,synthetic_pricing_rules,2026-03-06
1aa81b10-9a66-556d-9842-9584755f5b01,ab4674bc-4106-51c6-b44a-9ca109374b4f,107.62,PLN,2026-05-31,,planned,synthetic_pricing_rules,2026-03-06
6d07517d-6d4d-5bd1-864a-070b1318be4e,88370064-3581-5cf2-9047-50dd2a1397e0,99.87,PLN,2026-03-01,2026-03-30,regular,synthetic_pricing_rules,2026-03-05
3b6c67ae-83fa-5d51-a8f6-a48593155173,88370064-3581-5cf2-9047-50dd2a1397e0,106.24,PLN,2026-03-31,2026-05-30,regular,synthetic_pricing_rules,2026-03-05
44c3d7af-f4d6-555e-91bd-6cc09dd4c64c,88370064-3581-5cf2-9047-50dd2a1397e0,109.43,PLN,2026-05-31,,planned,synthetic_pricing_rules,2026-03-05
8f230a5a-4211-548a-b90b-681ff55ac1e0,e99fb2c3-af82-55dc-a4f5-05e1d6698616,101.51,PLN,2026-03-01,2026-03-30,regular,synthetic_pricing_rules,2026-03-04
b1bfe397-af08-5301-b526-370883114a2c,e99fb2c3-af82-55dc-a4f5-05e1d6698616,107.99,PLN,2026-03-31,2026-05-30,regular,synthetic_pricing_rules,2026-03-04
33ce1003-1752-5e57-9950-d39b01bfae35,e99fb2c3-af82-55dc-a4f5-05e1d6698616,111.23,PLN,2026-05-31,,planned,synthetic_pricing_rules,2026-03-04
4fdbb40a-c1f8-5fc5-8481-ba167d5c506d,f32ca738-f369-5d10-a674-7ee267c90f10,103.16,PLN,2026-03-01,2026-03-30,regular,synthetic_pricing_rules,2026-03-03
938cac1f-c52d-50fb-a6f9-cb811aaf3bf0,f32ca738-f369-5d10-a674-7ee267c90f10,109.74,PLN,2026-03-31,2026-05-30,regular,synthetic_pricing_rules,2026-03-03
a0d19560-36fd-5486-9ea7-3dcd09931c78,f32ca738-f369-5d10-a674-7ee267c90f10,113.03,PLN,2026-05-31,,planned,synthetic_pricing_rules,2026-03-03
e501dddf-6d04-553c-a71d-359326416fa8,1a75e928-29ff-5256-9b8e-492b71e4a9eb,104.80,PLN,2026-03-01,2026-03-30,regular,synthetic_pricing_rules,2026-03-02
df044806-c6f7-52a0-9660-e487604aff1a,1a75e928-29ff-5256-9b8e-492b71e4a9eb,111.49,PLN,2026-03-31,2026-05-30,regular,synthetic_pricing_rules,2026-03-02
549039cb-1788-59b2-8ace-760308e18b42,1a75e928-29ff-5256-9b8e-492b71e4a9eb,114.83,PLN,2026-05-31,,planned,synthetic_pricing_rules,2026-03-02
ed8a80c0-3a62-5026-a56c-11b3717c6971,c05f9712-2ad5-54a6-bb81-158133cd3bd9,106.45,PLN,2026-03-01,2026-03-30,regular,synthetic_pricing_rules,2026-03-01
c6973c9d-5821-5a4d-b4d0-714e9992966f,c05f9712-2ad5-54a6-bb81-158133cd3bd9,113.24,PLN,2026-03-31,2026-05-30,regular,synthetic_pricing_rules,2026-03-01
64246c45-601d-5962-ad65-b2e58b0dcf20,c05f9712-2ad5-54a6-bb81-158133cd3bd9,116.64,PLN,2026-05-31,,planned,synthetic_pricing_rules,2026-03-01
a0444579-fa5f-507a-961b-eb2263f1a83e,dcbefd02-d790-5d82-b528-14470a618fa6,108.09,PLN,2026-03-01,2026-03-30,regular,synthetic_pricing_rules,2026-02-28
97143bef-46ae-52e3-aab6-7cab1c553f52,dcbefd02-d790-5d82-b528-14470a618fa6,114.99,PLN,2026-03-31,2026-05-30,regular,synthetic_pricing_rules,2026-02-28
27fa057a-a85d-5930-a530-3c6d6889e448,dcbefd02-d790-5d82-b528-14470a618fa6,118.44,PLN,2026-05-31,,planned,synthetic_pricing_rules,2026-02-28
cd4ba66d-7680-54dc-9281-462835631825,70103cb6-8c8c-5035-8835-8dba958ea703,109.74,PLN,2026-03-01,2026-03-30,regular,synthetic_pricing_rules,2026-02-27
ec90b69c-4b36-56b4-90c9-df7203f10f26,70103cb6-8c8c-5035-8835-8dba958ea703,116.74,PLN,2026-03-31,2026-05-30,regular,synthetic_pricing_rules,2026-02-27
67a687d5-cb96-5908-bf81-df91a55776c0,70103cb6-8c8c-5035-8835-8dba958ea703,120.24,PLN,2026-05-31,,planned,synthetic_pricing_rules,2026-02-27
2be32387-70fb-5c06-b018-b4ebff84f556,874f1b3f-f15c-5575-af9b-537ba7b68f80,111.38,PLN,2026-03-01,2026-03-30,regular,synthetic_pricing_rules,2026-02-26
17da1658-73c7-5044-a4f4-db6fbc832907,874f1b3f-f15c-5575-af9b-537ba7b68f80,118.49,PLN,2026-03-31,2026-05-30,regular,synthetic_pricing_rules,2026-02-26
3adb6357-27c2-57c8-a6e6-43c4ce02ff6b,874f1b3f-f15c-5575-af9b-537ba7b68f80,122.04,PLN,2026-05-31,,planned,synthetic_pricing_rules,2026-02-26
edfa8b35-cd4e-580e-94ac-0fdb9ac4ded2,68343b6b-e6e1-53cd-9d7e-113d3dd3fb4f,113.03,PLN,2026-03-01,2026-03-30,regular,synthetic_pricing_rules,2026-02-25
36c8ac22-9f0a-5c16-898a-7d9fd13c8641,68343b6b-e6e1-53cd-9d7e-113d3dd3fb4f,120.24,PLN,2026-03-31,2026-05-30,regular,synthetic_pricing_rules,2026-02-25
3a43a3ba-3db9-5ff0-8db8-a6f4efc754dc,68343b6b-e6e1-53cd-9d7e-113d3dd3fb4f,123.85,PLN,2026-05-31,,planned,synthetic_pricing_rules,2026-02-25
980303b4-c03a-5bef-a889-7e34d523257d,9b06f7c5-92ba-5990-be5b-a7cd92658adc,114.67,PLN,2026-03-01,2026-03-30,regular,synthetic_pricing_rules,2026-02-24
b24ab641-ca25-54e2-bec6-35da81d1e5b7,9b06f7c5-92ba-5990-be5b-a7cd92658adc,121.99,PLN,2026-03-31,2026-05-30,regular,synthetic_pricing_rules,2026-02-24
bb6ab570-a2c9-594f-b1ff-67d25ddf2b7d,9b06f7c5-92ba-5990-be5b-a7cd92658adc,125.65,PLN,2026-05-31,,planned,synthetic_pricing_rules,2026-02-24
60190211-f96b-5dfe-bc7d-d3bba4915bc8,2e22974b-0c82-5383-be4f-44adda569aa6,116.32,PLN,2026-03-01,2026-03-30,regular,synthetic_pricing_rules,2026-02-23
d4acbd97-c523-57d3-9a3d-2928db1276e5,2e22974b-0c82-5383-be4f-44adda569aa6,123.74,PLN,2026-03-31,2026-05-30,regular,synthetic_pricing_rules,2026-02-23
95610f5a-4032-5930-a856-7fe2e6d9b2a8,2e22974b-0c82-5383-be4f-44adda569aa6,127.45,PLN,2026-05-31,,planned,synthetic_pricing_rules,2026-02-23
e631f647-fd6e-56a5-838b-9d58b62393b2,284bddee-b37c-5c36-8aab-81867975f179,117.96,PLN,2026-03-01,2026-03-30,regular,synthetic_pricing_rules,2026-02-22
1cecfb39-6aa7-5f60-a438-2f37df70232f,284bddee-b37c-5c36-8aab-81867975f179,125.49,PLN,2026-03-31,2026-05-30,regular,synthetic_pricing_rules,2026-02-22
5c390bc8-f612-5e64-a01e-fc21057b94f2,284bddee-b37c-5c36-8aab-81867975f179,129.25,PLN,2026-05-31,,planned,synthetic_pricing_rules,2026-02-22
c33e64b9-f7d2-5f36-85cd-7b571fbe8a94,06acb399-de3d-5662-8c40-c27c44a03030,119.61,PLN,2026-03-01,2026-03-30,regular,synthetic_pricing_rules,2026-02-21
ad6c33a7-9d40-5060-be92-15c552ff2698,06acb399-de3d-5662-8c40-c27c44a03030,127.24,PLN,2026-03-31,2026-05-30,regular,synthetic_pricing_rules,2026-02-21
32af128a-3f29-5060-a646-f97c4edc10e2,06acb399-de3d-5662-8c40-c27c44a03030,131.06,PLN,2026-05-31,,planned,synthetic_pricing_rules,2026-02-21
d89ffa9a-7d2d-5a7a-b13f-1c46804b2838,b3187164-9efe-5f40-864a-e693c1808c39,121.25,PLN,2026-03-01,2026-03-30,regular,synthetic_pricing_rules,2026-02-20
65d87145-fb9c-5f3e-9c76-c8cae6ef46df,b3187164-9efe-5f40-864a-e693c1808c39,128.99,PLN,2026-03-31,2026-05-30,regular,synthetic_pricing_rules,2026-02-20
ac222666-f849-58c2-9cd4-f34d3a0e4730,b3187164-9efe-5f40-864a-e693c1808c39,132.86,PLN,2026-05-31,,planned,synthetic_pricing_rules,2026-02-20
c24d9b0a-25ff-5153-bc21-908aefc66072,c9bc50a8-e5f6-504c-8618-2e9c520992ff,122.90,PLN,2026-03-01,2026-03-30,regular,synthetic_pricing_rules,2026-02-19
9b793914-9bb0-5714-9fed-41841653e162,c9bc50a8-e5f6-504c-8618-2e9c520992ff,130.74,PLN,2026-03-31,2026-05-30,regular,synthetic_pricing_rules,2026-02-19
7e07282b-27b6-5e8c-b2cb-7ec171adad5c,c9bc50a8-e5f6-504c-8618-2e9c520992ff,134.66,PLN,2026-05-31,,planned,synthetic_pricing_rules,2026-02-19
54544c1a-585e-5899-b909-3ef0b72f59a9,13aa843a-9cf9-5e5e-b377-21f2c5c1cfe1,124.54,PLN,2026-03-01,2026-03-30,regular,synthetic_pricing_rules,2026-02-18
b8811710-7d67-5057-9e51-16e24646d89a,13aa843a-9cf9-5e5e-b377-21f2c5c1cfe1,132.49,PLN,2026-03-31,2026-05-30,regular,synthetic_pricing_rules,2026-02-18
d5e8c549-433a-5649-b684-ab2534a1caf8,13aa843a-9cf9-5e5e-b377-21f2c5c1cfe1,136.46,PLN,2026-05-31,,planned,synthetic_pricing_rules,2026-02-18
3d364120-9f4b-5d2d-ba56-6ae8eaeb7ae9,4dd85a2c-b259-5694-a7e6-1dbdd7a8b9f3,126.19,PLN,2026-03-01,2026-03-30,regular,synthetic_pricing_rules,2026-02-17
9fac9824-f0bf-5255-9498-68b8f201caf1,4dd85a2c-b259-5694-a7e6-1dbdd7a8b9f3,134.24,PLN,2026-03-31,2026-05-30,regular,synthetic_pricing_rules,2026-02-17
92133542-1d97-5455-8420-58dae2965a3d,4dd85a2c-b259-5694-a7e6-1dbdd7a8b9f3,138.27,PLN,2026-05-31,,planned,synthetic_pricing_rules,2026-02-17
3fe23755-2ebe-520f-8631-a530736d4fe4,953af428-8548-5852-860e-88337bcfda1c,127.83,PLN,2026-03-01,2026-03-30,regular,synthetic_pricing_rules,2026-02-16
4dbe90c4-eddf-586c-b753-d5f8a8e1ce73,953af428-8548-5852-860e-88337bcfda1c,135.99,PLN,2026-03-31,2026-05-30,regular,synthetic_pricing_rules,2026-02-16
811618bf-5709-5b84-9be2-17aae7694866,953af428-8548-5852-860e-88337bcfda1c,140.07,PLN,2026-05-31,,planned,synthetic_pricing_rules,2026-02-16
c670675a-d547-563e-98e9-d5249bc22eea,6a250ba0-29a8-5939-9cc1-cba774d5109f,129.48,PLN,2026-03-01,2026-03-30,regular,synthetic_pricing_rules,2026-02-15
f81ea33a-a83d-553a-a43d-99f2136bfc3b,6a250ba0-29a8-5939-9cc1-cba774d5109f,137.74,PLN,2026-03-31,2026-05-30,regular,synthetic_pricing_rules,2026-02-15
de6b2f9d-5e11-503b-96ca-8fa5ba3e52e0,6a250ba0-29a8-5939-9cc1-cba774d5109f,141.87,PLN,2026-05-31,,planned,synthetic_pricing_rules,2026-02-15
2ecd1257-f43b-5483-80a5-d3a48f487047,260c2bee-e4ea-5a81-b7cd-575a8882e7ca,131.12,PLN,2026-03-01,2026-03-30,regular,synthetic_pricing_rules,2026-02-14
d2151fb4-7f5e-5430-86fe-a6b3613b5624,260c2bee-e4ea-5a81-b7cd-575a8882e7ca,139.49,PLN,2026-03-31,2026-05-30,regular,synthetic_pricing_rules,2026-02-14
ef00919c-7eed-5a13-9efa-a4ee4ad9a001,260c2bee-e4ea-5a81-b7cd-575a8882e7ca,143.67,PLN,2026-05-31,,planned,synthetic_pricing_rules,2026-02-14
a260c8df-c28f-5e87-a34f-a09b32328977,39f8628a-0f86-548c-91ee-718cae91d0c3,132.77,PLN,2026-03-01,2026-03-30,regular,synthetic_pricing_rules,2026-02-13
83edc8b1-1371-59db-8dbd-963bbf2e5128,39f8628a-0f86-548c-91ee-718cae91d0c3,141.24,PLN,2026-03-31,2026-05-30,regular,synthetic_pricing_rules,2026-02-13
c14370a4-4ea4-5ca5-82e0-5e0ca4109aee,39f8628a-0f86-548c-91ee-718cae91d0c3,145.48,PLN,2026-05-31,,planned,synthetic_pricing_rules,2026-02-13
508ff8c5-6565-54a3-ad44-e2ff747dd869,d7ba719e-c372-52f1-a68d-888ec8fb1196,134.41,PLN,2026-03-01,2026-03-30,regular,synthetic_pricing_rules,2026-02-12
e5767888-e43d-54bb-b952-b8f3b76145bf,d7ba719e-c372-52f1-a68d-888ec8fb1196,142.99,PLN,2026-03-31,2026-05-30,regular,synthetic_pricing_rules,2026-02-12
38f433a9-f115-5710-842b-d6db8fb228d7,d7ba719e-c372-52f1-a68d-888ec8fb1196,147.28,PLN,2026-05-31,,planned,synthetic_pricing_rules,2026-02-12
e7e91276-1675-5efa-aa28-0034de69ef7a,09e0d5b3-b51d-50cb-b5b7-2e5b62f35dc6,136.06,PLN,2026-03-01,2026-03-30,regular,synthetic_pricing_rules,2026-02-11
e3368a64-825b-5560-a44e-b8e7bba26d03,09e0d5b3-b51d-50cb-b5b7-2e5b62f35dc6,144.74,PLN,2026-03-31,2026-05-30,regular,synthetic_pricing_rules,2026-02-11
3fbb93d7-f7ff-5551-985b-35fce54e1085,09e0d5b3-b51d-50cb-b5b7-2e5b62f35dc6,149.08,PLN,2026-05-31,,planned,synthetic_pricing_rules,2026-02-11
db00ef25-3a11-56da-b08d-e5db638e0a56,1564b2e3-5405-5bf0-8ac8-706225799233,137.70,PLN,2026-03-01,2026-03-30,regular,synthetic_pricing_rules,2026-02-10
761ae1ad-da63-5fbb-a8ed-6641fb2564ec,1564b2e3-5405-5bf0-8ac8-706225799233,146.49,PLN,2026-03-31,2026-05-30,regular,synthetic_pricing_rules,2026-02-10
c521a8dd-93ec-50e0-916c-b7de376fa06b,1564b2e3-5405-5bf0-8ac8-706225799233,150.88,PLN,2026-05-31,,planned,synthetic_pricing_rules,2026-02-10
a14f4b98-5006-5e10-9595-f88f9ec44650,fe2b63a8-eeb4-5208-b8d1-f4bb758543f5,139.35,PLN,2026-03-01,2026-03-30,regular,synthetic_pricing_rules,2026-02-09
425bdfb7-7f49-5f53-9849-875f5d7ddde0,fe2b63a8-eeb4-5208-b8d1-f4bb758543f5,148.24,PLN,2026-03-31,2026-05-30,regular,synthetic_pricing_rules,2026-02-09
8df5e9a2-96a5-5ee9-85e1-4f9713eddafc,fe2b63a8-eeb4-5208-b8d1-f4bb758543f5,152.69,PLN,2026-05-31,,planned,synthetic_pricing_rules,2026-02-09
d592500f-d6df-5f34-bc79-2981475a0aca,818addc5-51d4-57c7-a7c6-b66bb513dcaf,140.99,PLN,2026-03-01,2026-03-30,regular,synthetic_pricing_rules,2026-02-08
226686aa-c4e4-521e-abf0-bd15a0525dcb,818addc5-51d4-57c7-a7c6-b66bb513dcaf,149.99,PLN,2026-03-31,2026-05-30,regular,synthetic_pricing_rules,2026-02-08
7195fc89-d21d-514f-baf1-366d6196baae,818addc5-51d4-57c7-a7c6-b66bb513dcaf,154.49,PLN,2026-05-31,,planned,synthetic_pricing_rules,2026-02-08
405b24f7-d448-51e7-a9de-d79ae462a59b,6b73c00c-e450-51d6-b955-9cca56d368d3,142.64,PLN,2026-03-01,2026-03-30,regular,synthetic_pricing_rules,2026-02-07
70e63ebe-9ed3-5840-a68d-3abda28a8e9f,6b73c00c-e450-51d6-b955-9cca56d368d3,151.74,PLN,2026-03-31,2026-05-30,regular,synthetic_pricing_rules,2026-02-07
5fbb81f1-d4ac-56df-9bc8-67092d63680b,6b73c00c-e450-51d6-b955-9cca56d368d3,156.29,PLN,2026-05-31,,planned,synthetic_pricing_rules,2026-02-07
2375617b-8e9b-52cf-9323-bf003853f0cf,e213b766-e8ca-56ff-8715-94a8c16a108d,144.28,PLN,2026-03-01,2026-03-30,regular,synthetic_pricing_rules,2026-02-06
53176646-224a-51f4-a271-980cdaa0ebed,e213b766-e8ca-56ff-8715-94a8c16a108d,153.49,PLN,2026-03-31,2026-05-30,regular,synthetic_pricing_rules,2026-02-06
991d8f2b-d432-52ca-8a00-25e2e80f32ee,e213b766-e8ca-56ff-8715-94a8c16a108d,158.09,PLN,2026-05-31,,planned,synthetic_pricing_rules,2026-02-06
2043b5f7-aca1-5ba4-a2d9-7490070f9b12,4043dc4a-96a5-5cb6-8f09-37f10cce0de1,145.93,PLN,2026-03-01,2026-03-30,regular,synthetic_pricing_rules,2026-02-05
e8530a2a-a369-58f8-9234-661a01cc0021,4043dc4a-96a5-5cb6-8f09-37f10cce0de1,155.24,PLN,2026-03-31,2026-05-30,regular,synthetic_pricing_rules,2026-02-05
8b06261a-046c-562d-bedb-80e923c8a620,4043dc4a-96a5-5cb6-8f09-37f10cce0de1,159.90,PLN,2026-05-31,,planned,synthetic_pricing_rules,2026-02-05
b0a94a63-3a4a-56ca-b3e6-b58f3a7e82aa,fafbca1c-6412-5747-af13-5c9678cf76df,147.57,PLN,2026-03-01,2026-03-30,regular,synthetic_pricing_rules,2026-02-04
44fc9be8-3e02-5f4f-b9fe-a8dd1dc088ec,fafbca1c-6412-5747-af13-5c9678cf76df,156.99,PLN,2026-03-31,2026-05-30,regular,synthetic_pricing_rules,2026-02-04
4b430bc3-4174-5c4f-8da9-2be9cb8a6a9e,fafbca1c-6412-5747-af13-5c9678cf76df,161.70,PLN,2026-05-31,,planned,synthetic_pricing_rules,2026-02-04
664cab30-4459-5431-8a97-eaf2ca393c41,80c37084-5ec1-5934-99a2-404b2f4d677a,149.22,PLN,2026-03-01,2026-03-30,regular,synthetic_pricing_rules,2026-02-03
1df16d89-5674-5eda-9391-21e461461a16,80c37084-5ec1-5934-99a2-404b2f4d677a,158.74,PLN,2026-03-31,2026-05-30,regular,synthetic_pricing_rules,2026-02-03
d1e6d032-7aca-54e5-be4e-cb57b21a227f,80c37084-5ec1-5934-99a2-404b2f4d677a,163.50,PLN,2026-05-31,,planned,synthetic_pricing_rules,2026-02-03
134c3e1c-db0a-557f-8e05-acdb5f86618d,4f4cdd86-60e0-5d5c-9eda-86f193a7cd21,150.86,PLN,2026-03-01,2026-03-30,regular,synthetic_pricing_rules,2026-02-02
5da19b10-989e-5b6d-b64e-75995bcbad82,4f4cdd86-60e0-5d5c-9eda-86f193a7cd21,160.49,PLN,2026-03-31,2026-05-30,regular,synthetic_pricing_rules,2026-02-02
8488ff94-5050-5ebc-af9a-75f78a5f2e84,4f4cdd86-60e0-5d5c-9eda-86f193a7cd21,165.30,PLN,2026-05-31,,planned,synthetic_pricing_rules,2026-02-02
49fd2ac2-483c-5931-884a-6c43af2b292f,2480ade4-fd45-5f2a-96a0-bdb49cf41ba8,152.51,PLN,2026-03-01,2026-03-30,regular,synthetic_pricing_rules,2026-02-01
fef0d7f3-b630-5ab6-816e-7087dd444c8a,2480ade4-fd45-5f2a-96a0-bdb49cf41ba8,162.24,PLN,2026-03-31,2026-05-30,regular,synthetic_pricing_rules,2026-02-01
681b3a82-94b3-5c10-ba79-07f22e96d360,2480ade4-fd45-5f2a-96a0-bdb49cf41ba8,167.11,PLN,2026-05-31,,planned,synthetic_pricing_rules,2026-02-01
1455aac9-cd71-5cec-97a3-a9e7bca2518d,adacd216-df4b-557a-bee5-9d117848c764,154.15,PLN,2026-03-01,2026-03-30,regular,synthetic_pricing_rules,2026-01-31
6f141a84-1cf3-5ac0-807c-f54c433c7e46,adacd216-df4b-557a-bee5-9d117848c764,163.99,PLN,2026-03-31,2026-05-30,regular,synthetic_pricing_rules,2026-01-31
55b1c30f-b037-539e-9743-3652964fb2e5,adacd216-df4b-557a-bee5-9d117848c764,168.91,PLN,2026-05-31,,planned,synthetic_pricing_rules,2026-01-31
1ce49782-4ba1-5205-a66e-0f9e60f0b770,ec348c6b-cb3f-5826-a791-37217bfd82f6,155.80,PLN,2026-03-01,2026-03-30,regular,synthetic_pricing_rules,2026-01-30
5590ab3f-be9d-5047-8be8-ddb6b852e5f9,ec348c6b-cb3f-5826-a791-37217bfd82f6,165.74,PLN,2026-03-31,2026-05-30,regular,synthetic_pricing_rules,2026-01-30
80159a75-376a-51f7-a8ea-1259dc5671af,ec348c6b-cb3f-5826-a791-37217bfd82f6,170.71,PLN,2026-05-31,,planned,synthetic_pricing_rules,2026-01-30
ccfae3ee-9b1a-5223-98f9-7b83b9fe61c2,8cf4f802-4e89-570e-93f8-e6fcceaa622b,157.44,PLN,2026-03-01,2026-03-30,regular,synthetic_pricing_rules,2026-01-29
a06dfe76-4a74-5efc-a07c-1daead7ced6c,8cf4f802-4e89-570e-93f8-e6fcceaa622b,167.49,PLN,2026-03-31,2026-05-30,regular,synthetic_pricing_rules,2026-01-29
e2f9f2d1-4ee2-540c-812d-fd55f8ae7c8d,8cf4f802-4e89-570e-93f8-e6fcceaa622b,172.51,PLN,2026-05-31,,planned,synthetic_pricing_rules,2026-01-29
400e23e0-d84c-508c-92cb-3dabf33f428f,398b86fc-73de-5291-ac6a-14681329475c,159.09,PLN,2026-03-01,2026-03-30,regular,synthetic_pricing_rules,2026-01-28
7fa82cc8-afc1-570f-aa96-bd76c73c8af5,398b86fc-73de-5291-ac6a-14681329475c,169.24,PLN,2026-03-31,2026-05-30,regular,synthetic_pricing_rules,2026-01-28
c980a2aa-34de-5cd3-821b-41838cec6e85,398b86fc-73de-5291-ac6a-14681329475c,174.32,PLN,2026-05-31,,planned,synthetic_pricing_rules,2026-01-28
fb1c4f74-584e-55e7-8e84-d01948e01fd1,e760945c-f9e6-5e2e-9858-aceb64faaf84,160.73,PLN,2026-03-01,2026-03-30,regular,synthetic_pricing_rules,2026-01-27
96d1e204-b7f8-50d8-ae29-64c79e79c204,e760945c-f9e6-5e2e-9858-aceb64faaf84,170.99,PLN,2026-03-31,2026-05-30,regular,synthetic_pricing_rules,2026-01-27
9b91191e-9ee0-59b6-bcf4-b0f13e7084db,e760945c-f9e6-5e2e-9858-aceb64faaf84,176.12,PLN,2026-05-31,,planned,synthetic_pricing_rules,2026-01-27
7f43f1bd-413a-58bc-9786-38a0b57cd399,a5c55cd2-b68a-541d-8134-ac1136a677dc,162.38,PLN,2026-03-01,2026-03-30,regular,synthetic_pricing_rules,2026-01-26
282ab3a2-fc17-51e0-a93d-006b6c315982,a5c55cd2-b68a-541d-8134-ac1136a677dc,172.74,PLN,2026-03-31,2026-05-30,regular,synthetic_pricing_rules,2026-01-26
762af603-77ef-542e-b86c-746397abbd11,a5c55cd2-b68a-541d-8134-ac1136a677dc,177.92,PLN,2026-05-31,,planned,synthetic_pricing_rules,2026-01-26
e6af9865-d8fe-519a-bd42-0276afb5f062,ebd800fd-0820-5593-9f02-c5ad7575757b,164.02,PLN,2026-03-01,2026-03-30,regular,synthetic_pricing_rules,2026-01-25
9886dd02-93be-58e7-960f-ac85fe711215,ebd800fd-0820-5593-9f02-c5ad7575757b,174.49,PLN,2026-03-31,2026-05-30,regular,synthetic_pricing_rules,2026-01-25
906caa5d-d7ad-577c-bb9a-c6a0192df7ee,ebd800fd-0820-5593-9f02-c5ad7575757b,179.72,PLN,2026-05-31,,planned,synthetic_pricing_rules,2026-01-25
045ee8d3-d6e4-54f5-863e-830a74f0d03e,57a04d7b-ffa2-55d5-8e3c-3099d16cc188,165.67,PLN,2026-03-01,2026-03-30,regular,synthetic_pricing_rules,2026-01-24
68be47b2-7330-5ed5-adb8-f0beb957cc14,57a04d7b-ffa2-55d5-8e3c-3099d16cc188,176.24,PLN,2026-03-31,2026-05-30,regular,synthetic_pricing_rules,2026-01-24
c37d2e86-d2f1-57b8-b5aa-98204d7a9d05,57a04d7b-ffa2-55d5-8e3c-3099d16cc188,181.53,PLN,2026-05-31,,planned,synthetic_pricing_rules,2026-01-24
78fd6e33-576f-5b38-b9c6-49f5806e9b95,746e83f8-c019-5f34-be65-3ba6d9311b16,167.31,PLN,2026-03-01,2026-03-30,regular,synthetic_pricing_rules,2026-01-23
b424d4f7-64d2-50e1-adf2-7c314cdc83cd,746e83f8-c019-5f34-be65-3ba6d9311b16,177.99,PLN,2026-03-31,2026-05-30,regular,synthetic_pricing_rules,2026-01-23
dd2202a0-80d2-5039-97ee-0a150b7a6c75,746e83f8-c019-5f34-be65-3ba6d9311b16,183.33,PLN,2026-05-31,,planned,synthetic_pricing_rules,2026-01-23
0990b818-c04e-5392-8edf-77b3616b8ff8,20bd9198-afef-51b5-88cd-25eecdc6a243,168.96,PLN,2026-03-01,2026-03-30,regular,synthetic_pricing_rules,2026-01-22
f8c01490-5022-5017-8ec7-2efe1b4d304e,20bd9198-afef-51b5-88cd-25eecdc6a243,179.74,PLN,2026-03-31,2026-05-30,regular,synthetic_pricing_rules,2026-01-22
8007a9ce-7d3f-57e2-b07b-2b6c3b7c9241,20bd9198-afef-51b5-88cd-25eecdc6a243,185.13,PLN,2026-05-31,,planned,synthetic_pricing_rules,2026-01-22
ab86a2a3-b3c7-5d08-ba19-4c7587c42fc3,da3b1539-9617-5466-87e9-e053e2419729,170.60,PLN,2026-03-01,2026-03-30,regular,synthetic_pricing_rules,2026-01-21
d1ebc9a8-590c-54fd-b01b-33d96333d11c,da3b1539-9617-5466-87e9-e053e2419729,181.49,PLN,2026-03-31,2026-05-30,regular,synthetic_pricing_rules,2026-01-21
53983a9e-bae3-5120-832e-a2bc32d18923,da3b1539-9617-5466-87e9-e053e2419729,186.93,PLN,2026-05-31,,planned,synthetic_pricing_rules,2026-01-21
e7e19403-f4aa-5fbf-b1bd-eff6bdd9215a,1e4e8bdc-40be-58a9-9f14-c7b0c6af9c9c,172.25,PLN,2026-03-01,2026-03-30,regular,synthetic_pricing_rules,2026-01-20
c3db14f1-79e3-5fb7-95d1-92644e7526c6,1e4e8bdc-40be-58a9-9f14-c7b0c6af9c9c,183.24,PLN,2026-03-31,2026-05-30,regular,synthetic_pricing_rules,2026-01-20
5a5ddd47-6fc7-5e2a-8952-8a9f4dfee0a1,1e4e8bdc-40be-58a9-9f14-c7b0c6af9c9c,188.74,PLN,2026-05-31,,planned,synthetic_pricing_rules,2026-01-20
